label,area,equivalent_diameter,eccentricity,solidity,perimeter,mean_intensity
1,1921.0,49.455971989601494,0.7682001218022406,0.9453740157480315,188.62741699796953,0.8641604
2,2969.0,61.483723116925006,0.839808994406191,0.9172072907012666,238.42640687119285,0.93126756
3,8318.0,102.91164430280513,0.8978891879771396,0.8605421063521622,442.4030662740799,0.91965187
4,8712.0,105.32076202597823,0.8260960913499735,0.9035469819539514,438.7462120245875,0.8971822
5,97.0,11.11324596323283,0.9945448118105374,0.8508771929824561,69.24264068711928,0.8068771
6,57.0,8.51907589177983,0.4927363134528485,0.9047619047619048,27.31370849898476,0.7316432
7,170.0,14.712264360219255,0.9895486385965475,0.6772908366533864,86.97056274847715,0.8631775
8,100.0,11.283791670955125,0.9960267741846496,0.8695652173913043,70.48528137423857,0.90004915
9,16.0,4.51351666838205,0.8514055971008102,0.9411764705882353,12.207106781186548,0.7011166
10,89.0,10.645107772184812,0.9948787577238682,0.8725490196078431,62.48528137423857,0.9142306
11,99.0,11.227230955528665,0.9958831165066183,0.868421052631579,69.07106781186548,0.9022799
12,33.0,6.4820448144285745,0.9995398526410995,0.6875,31.0,0.8747553
13,177.0,15.012108426804138,0.9880326969989427,0.5959595959595959,94.59188309203678,0.8545861
14,74.0,9.706684619910241,0.9985285146875487,0.8131868131868132,71.62132034355965,0.8325407
15,537.0,26.148224328293928,0.8597375119997448,0.7306122448979592,118.32590180780453,0.8599567
16,69.0,9.373021315815206,0.9982681022000562,0.8117647058823529,66.41421356237309,0.8392201
17,30.0,6.180387232371033,0.9898219451991798,0.8333333333333334,27.621320343559642,0.94194126
18,221.0,16.774562271083887,0.6641680737734522,0.8911290322580645,59.48528137423857,0.73421764
19,17.0,4.652426491681278,0.998164612234735,0.7083333333333334,15.0,0.99828565
20,34.0,6.579524642479541,0.9926790594425825,0.8292682926829268,31.621320343559642,0.96363896
21,249.0,17.805522925178455,0.9993343960292052,0.8615916955017301,169.0710678118655,0.9247853
22,26.0,5.753627391751592,0.9859804644253694,0.8125,23.621320343559642,0.7930194
23,3844.0,69.95950835992178,0.9174471826020979,0.8752276867030966,288.5512985522207,0.9262026
24,29.0,6.076507779746499,0.9902751308747043,0.8285714285714286,26.82842712474619,0.7615361
25,173.0,14.841510746523857,0.9986514576403996,0.865,117.86396103067892,0.8886123
26,173.0,14.841510746523857,0.998668261477731,0.865,117.86396103067892,0.87773424
27,230.0,17.112717355495807,0.9976300974540848,0.8914728682170543,120.69238815542512,0.8504555
28,173.0,14.841510746523857,0.9986774814087848,0.8606965174129353,117.86396103067892,0.88301414
29,369.0,21.675455981530703,0.944234055554487,0.803921568627451,96.38477631085024,0.8589785
30,43.0,7.399277020331919,0.9955569007101347,0.8269230769230769,40.828427124746185,0.7717224
31,44.0,7.48482063701911,0.9957594319145581,0.8148148148148148,41.62132034355964,0.74416727
32,173.0,14.841510746523857,0.9986644734355022,0.8606965174129353,117.86396103067892,0.86135864
33,44.0,7.48482063701911,0.9956724995099537,0.8301886792452831,41.62132034355964,0.7785238
34,173.0,14.841510746523857,0.9986469238822578,0.8606965174129353,117.86396103067892,0.8696427
35,4386.0,74.72903480715125,0.7533783967581047,0.7895589558955896,329.07821048680194,0.88251483
36,254.0,17.983404693292407,0.9980466399487248,0.8912280701754386,132.69238815542514,0.9325704
37,2262.0,53.66626361310184,0.8974451227210105,0.8815276695245519,215.37972567696687,0.9056552
38,322.0,20.248040236149336,0.9970564851230601,0.9121813031161473,137.52081528017132,0.9049402
39,77.0,9.901487006738307,0.9929171330037514,0.8651685393258427,53.656854249492376,0.7701986
40,258.0,18.12445316531431,0.9981070687574006,0.8896551724137931,134.69238815542514,0.9099234
41,66.0,9.166995688475081,0.9980763251396647,0.8148148148148148,63.62132034355964,0.88921887
42,69.0,9.373021315815206,0.9913365071122473,0.8734177215189873,49.07106781186547,0.8042452
43,1135.0,38.014824519842385,0.8256561513257289,0.8832684824902723,153.19595949289334,0.84545153
44,122.0,12.463355264843006,0.9965268248951159,0.7484662576687117,81.6923881554251,0.8666019
45,1235.0,39.65414023463283,0.7621147430300791,0.8834048640915594,159.15432893255073,0.84482247
46,326.0,20.37341629633241,0.9890554221242976,0.9287749287749287,104.72792206135786,0.75449055
47,916.0,34.15095054280933,0.7135991615926003,0.8919182083739046,133.698484809835,0.7677107
48,2229.0,53.27336055867583,0.9093121581298237,0.9661898569570871,208.5685424949238,0.8567671
49,2503.0,56.45279958046467,0.5761969109390176,0.8424772803769774,225.2253967444162,0.8794739
50,3463.0,66.40202213350034,0.8846621516616053,0.7390098164746052,303.19595949289334,0.89645153
51,702.0,29.896724911001275,0.9975762872875632,0.9335106382978723,214.97056274847716,0.9084923
52,749.0,30.881327999401787,0.9978750585186923,0.9292803970223326,228.72792206135787,0.8740912
53,3584.0,67.55213193031604,0.9307344428413968,0.8178913738019169,312.2670273047588,0.8870033
54,151.0,13.86575534383214,0.9625637925419901,0.9096385542168675,60.72792206135786,0.82602113
55,88.0,10.585134856802455,0.9989375578434911,0.8148148148148148,85.62132034355965,0.8759587
56,26.0,5.753627391751592,0.9871897123696988,0.8387096774193549,23.621320343559642,0.9371976
57,16.0,4.51351666838205,0.9648119846208285,0.8888888888888888,13.621320343559642,0.8174313
58,328.0,20.435815879801165,0.675855860945255,0.9318181818181818,73.11269837220809,0.8137922
59,175.0,14.927053303604616,0.995601524631254,0.9067357512953368,93.31370849898475,0.91010636
60,87.0,10.524820207108489,0.9989532727403173,0.8130841121495327,84.82842712474618,0.8978177
61,92.0,10.823032759612019,0.7457769303287497,0.8598130841121495,40.14213562373095,0.7332917
62,131.0,12.914889870235298,0.9977000599728637,0.8675496688741722,89.86396103067892,0.8834186
63,175.0,14.927053303604616,0.9986566748508147,0.8620689655172413,117.86396103067892,0.94117326
64,88.0,10.585134856802455,0.9989755610615925,0.8073394495412844,85.62132034355965,0.87561697
65,94.0,10.940041919714261,0.9868825256791539,0.9791666666666666,51.242640687119284,0.79630476
66,89.0,10.645107772184812,0.9989901528357824,0.8165137614678899,86.82842712474618,0.8782479
67,117.0,12.205286835384658,0.9994015981637612,0.8068965517241379,114.82842712474618,0.95869285
68,89.0,10.645107772184812,0.9989653229669464,0.8090909090909091,86.82842712474618,0.8821366
69,2258.0,53.618792340111476,0.9579905242795158,0.8605182926829268,255.71067811865476,0.8959868
70,88.0,10.585134856802455,0.998938052111811,0.8073394495412844,84.62132034355965,0.8887627
71,54.0,8.291859587312052,0.997218021617316,0.8181818181818182,51.62132034355964,0.85232574
72,930.0,34.41093978088511,0.9276208034521619,0.8823529411764706,144.64570696119915,0.89268905
73,55.0,8.368283871884005,0.9973639567634849,0.8208955223880597,52.828427124746185,0.8773713
74,1067.0,36.85846706297507,0.9565974989297078,0.6265413975337639,208.66904755831214,0.9080201
75,511.0,25.507359866510456,0.9976160367411626,1.0,179.31370849898477,0.94720817
76,425.0,23.26213245840639,0.6934152216033371,0.8126195028680688,96.04163056034261,0.7954666
77,1332.0,41.18197510546619,0.8865221532477819,0.8126906650396584,170.40306627407986,0.8502232
78,67.0,9.23618154310838,0.8010485526809582,0.8701298701298701,30.9350288425444,0.7445096
79,975.0,35.233628199729644,0.9608426100620665,0.7190265486725663,183.01219330881975,0.85679173
80,130.0,12.865501965161373,0.6831309457802893,0.9285714285714286,42.384776310850235,0.8237334
81,38.0,6.955796338302048,0.9697916337201096,0.8636363636363636,27.035533905932738,0.8329071
82,185.0,15.347615963921077,0.5743751024427152,0.8644859813084113,56.31370849898476,0.72664446
83,1136.0,38.03156745151513,0.7899120845942634,0.8792569659442725,146.91168824543144,0.8007475
84,31.0,6.282549314314218,0.7862740438228212,0.96875,18.485281374238568,0.70396566
85,43.0,7.399277020331919,0.9403791972214789,0.9555555555555556,26.242640687119287,0.71138906
86,101.0,11.340070282773887,0.8511980073578626,0.9099099099099099,41.42031021678297,0.6966691
87,110.0,11.834540545406394,0.9845472545094167,0.9482758620689655,55.89949493661166,0.81354576
88,609.0,27.846056861676377,0.7777945150099103,0.9354838709677419,104.25483399593905,0.8702009
89,61.0,8.812923024107548,0.734380077359527,0.8840579710144928,30.692388155425114,0.8305167
90,54.0,8.291859587312052,0.9464508708896086,0.8181818181818182,32.69238815542512,0.83141315
91,17.0,4.652426491681278,0.9658358903628802,0.85,14.414213562373096,0.84177303
92,94.0,10.940041919714261,0.37307032046060506,0.8952380952380953,36.14213562373095,0.72818726
93,11.0,3.742410318509555,0.8029966139691335,1.0,10.242640687119286,0.6420026
94,146.0,13.63425735166143,0.9502689787525785,0.8588235294117647,59.31370849898476,0.77873296
95,85.0,10.403141895720198,0.5725436082986287,0.9340659340659341,34.7634559672906,0.7461771
96,226.0,16.96325844612841,0.43316683471533135,0.9300411522633745,58.48528137423857,0.83936656
97,24.0,5.527906391541368,0.9849097240019141,0.8571428571428571,21.621320343559642,0.80352324
98,490.0,24.977737626138797,0.8626507006049298,0.7877813504823151,104.42640687119285,0.80459964
99,278.0,18.81384047546846,0.7788476009934111,0.8011527377521613,75.31980515339464,0.77837276
100,253.0,17.94796937867892,0.679303865269369,0.8547297297297297,65.18376618407356,0.77409536
101,13.0,4.068428945128219,0.9375978123483882,0.8666666666666667,10.414213562373096,0.660923
102,15.0,4.370193722368317,0.955076820277326,0.8823529411764706,12.414213562373096,0.82304025
103,33.0,6.4820448144285745,0.9923289484903559,0.8461538461538461,30.82842712474619,0.7262966
104,33.0,6.4820448144285745,0.9924784186875679,0.825,30.82842712474619,0.7402908
105,188.0,15.471555655790098,0.568012085299869,0.9215686274509803,52.384776310850235,0.76266
106,86.0,10.464157913908982,0.8276707630329639,0.8958333333333334,36.7634559672906,0.8229546
107,1094.0,37.32189788770486,0.8089977680128901,0.9193277310924369,150.60407640085654,0.83351344
108,137.0,13.207339536360731,0.6369319537257875,0.9013157894736842,45.14213562373095,0.8150578
109,38.0,6.955796338302048,0.743646474812794,0.8837209302325582,21.31370849898476,0.70388395
110,39.0,7.046725639945928,0.9764711987880558,0.8666666666666667,27.242640687119284,0.7792566
111,446.0,23.829914749152643,0.9427938028482228,0.7483221476510067,106.39696961966999,0.82201374
112,21.0,5.170882945826411,0.7246863639387265,0.9130434782608695,15.692388155425117,0.769241
113,123.0,12.514330345744634,0.4333580321266269,0.9609375,41.071067811865476,0.8212031
114,20.0,5.046265044040321,0.9776265473273626,0.8695652173913043,17.621320343559642,0.89224184
115,11.0,3.742410318509555,0.9947426664150608,0.7333333333333333,9.0,0.8428125
116,97.0,11.11324596323283,0.7838693525476826,0.8981481481481481,41.14213562373095,0.7214388
117,263.0,18.29923496393627,0.4359784600051368,0.8622950819672132,68.38477631085024,0.7527104
118,156.0,14.093451279891855,0.7705362386593744,0.9176470588235294,48.62741699796952,0.8130406
119,201.0,15.99753570059363,0.7491847238426793,0.8893805309734514,58.384776310850235,0.8486275
120,51.0,8.058239062071396,0.7345582439952119,0.9807692307692307,24.828427124746188,0.75450075
121,23.0,5.4115163798060095,0.9823815697849207,0.8214285714285714,20.414213562373096,0.8167559
122,900.0,33.851375012865375,0.5384054648530863,0.8547008547008547,132.26093065034894,0.8269781
123,71.0,9.507891862878783,0.8094413616774605,0.922077922077922,32.14213562373095,0.67371285
124,972.0,35.17938085701024,0.930895771705046,0.9274809160305344,142.25483399593907,0.8531687
125,585.0,27.29185104880338,0.31767812718451727,0.8796992481203008,105.7401153701776,0.78414744
126,8.0,3.1915382432114616,0.9882973211106715,0.8,6.0,0.67971957
127,566.0,26.844991754889815,0.855082629410045,0.930921052631579,103.97665940288701,0.84623003
128,236.0,17.334489682638438,0.7438240167904324,0.8644688644688645,65.79898987322333,0.76456696
129,25.0,5.641895835477563,0.5461243904621926,0.8333333333333334,18.86396103067893,0.6731799
130,21.0,5.170882945826411,0.712241974147557,1.0,14.242640687119284,0.67705876
131,196.0,15.797308339337176,0.7024057371769801,0.9849246231155779,52.242640687119284,0.8520417
132,22.0,5.292567428401227,0.7644398449211225,0.8148148148148148,15.86396103067893,0.672604
133,644.0,28.635053113438516,0.897437364754334,0.5309150865622424,162.70458146424488,0.8789976
134,120.0,12.360774464742066,0.9971349372923485,0.8695652173913043,83.07106781186548,0.8572918
135,121.0,12.412170838050638,0.997257457988217,0.8705035971223022,84.48528137423857,0.848497
136,25.0,5.641895835477563,0.6589752126678906,0.8928571428571429,16.485281374238568,0.69594455
137,325.0,20.342144725641095,0.7115244587704477,0.8904109589041096,77.21320343559643,0.8367456
138,15.0,4.370193722368317,0.955076820277326,0.8823529411764706,12.414213562373096,0.91992134
139,85.0,10.403141895720198,0.836615193051926,1.0,33.65685424949238,0.88995147
140,161.0,14.317526556719258,0.9951919555064803,0.8994413407821229,87.31370849898475,0.85189116
141,1004.0,35.75377606511099,0.8431526983697282,0.8530161427357689,164.76955262170048,0.82544017
142,123.0,12.514330345744634,0.7768687376288852,0.9389312977099237,41.89949493661167,0.72532845
143,95.0,10.998079684646791,0.7981218013991579,0.8482142857142857,41.21320343559642,0.68248487
144,435.0,23.534213434057992,0.8179876767889209,0.8682634730538922,105.97665940288702,0.758285
145,121.0,12.412170838050638,0.997257457988217,0.8705035971223022,84.48528137423857,0.82410467
146,28.0,5.970821321441846,0.45694940884484236,0.875,18.27817459305202,0.72135675
147,29.0,6.076507779746499,0.739905776519888,0.8285714285714286,19.863961030678926,0.7932664
148,585.0,27.29185104880338,0.7383971353811083,0.9169278996865203,98.22539674441619,0.8282614
149,107.0,11.67204486311899,0.8642828398048888,0.8916666666666667,44.14213562373095,0.83935034
150,120.0,12.360774464742066,0.9971349372923485,0.8695652173913043,83.07106781186548,0.82801914
151,227.0,17.000746355818674,0.40439141075866986,0.8697318007662835,62.17766952966369,0.7647014
152,29.0,6.076507779746499,0.5894795034977588,0.9354838709677419,17.485281374238568,0.71120936
153,114.0,12.047792665040703,0.7481182578031684,0.912,39.72792206135786,0.756246
154,119.0,12.309163489997376,0.7328137332981309,0.937007874015748,43.59188309203678,0.7732386
155,39.0,7.046725639945928,0.6159203754645358,0.975,20.82842712474619,0.7171921
156,39.0,7.046725639945928,0.9743100281162406,0.8478260869565217,27.242640687119284,0.87968427
157,78.0,9.965574970333758,0.6411695262014167,0.896551724137931,33.10660171779821,0.76525223
158,159.0,14.228319915326999,0.6098374786797673,0.8368421052631579,54.834523779156065,0.6917792
159,390.0,22.283703068536735,0.7648612914323331,0.8647450110864745,84.18376618407356,0.7630315
160,43.0,7.399277020331919,0.8892347671143856,0.8431372549019608,27.071067811865476,0.7815174
161,2348.0,54.67692795904102,0.785416874716915,0.7544987146529563,244.40916292848976,0.85926497
162,456.0,24.095585330081406,0.6170644461489958,0.9047619047619048,85.73401871576773,0.76695526
163,33.0,6.4820448144285745,0.8005494203685337,1.0,19.071067811865476,0.83917034
164,174.0,14.884343478431232,0.5486457853858117,0.9015544041450777,52.17766952966369,0.80949086
165,583.0,27.245158369526866,0.8070693734851546,0.8523391812865497,107.01219330881976,0.80778146
166,100.0,11.283791670955125,0.9482030312932169,0.819672131147541,48.10660171779821,0.7766262
167,13.0,4.068428945128219,0.7743457464718221,0.9285714285714286,10.207106781186548,0.65266865
168,86.0,10.464157913908982,0.8336522484643928,0.7962962962962963,40.14213562373095,0.7935735
169,81.0,10.155412503859614,0.5271852210359109,0.9759036144578314,31.65685424949238,0.7502922
170,46.0,7.653039857325812,0.7524967055330012,0.9019607843137255,25.31370849898476,0.70861775
171,146.0,13.63425735166143,0.7288491455205942,0.9299363057324841,48.27817459305202,0.7353573
172,443.0,23.74963406702674,0.6824481700044994,0.9365750528541226,80.91168824543142,0.77745867
173,1534.0,44.1944505749731,0.633135781581246,0.8608305274971941,181.23149339882605,0.83709234
174,58.0,8.593479713983122,0.7520956498720349,0.9354838709677419,29.899494936611664,0.68823874
175,11.0,3.742410318509555,0.8696694471536168,1.0,10.242640687119286,0.647424
176,21.0,5.170882945826411,0.978628681005368,0.84,18.414213562373096,0.8342493
177,348.0,21.049640414216977,0.6986132750325575,0.9206349206349206,78.14213562373095,0.8434152
178,73.0,9.640875829802336,0.7659525319369668,0.9605263157894737,30.485281374238568,0.7337033
179,114.0,12.047792665040703,0.4861930166199529,0.912,41.10660171779821,0.7332185
180,48.0,7.817640190446719,0.8298891212324958,0.8135593220338984,26.656854249492383,0.74316424
181,201.0,15.99753570059363,0.33038984485265815,0.8973214285714286,57.55634918610404,0.83226645
182,78.0,9.965574970333758,0.842634782007951,0.8041237113402062,37.10660171779821,0.751646
183,439.0,23.642169108157916,0.735234959505809,0.8393881453154876,94.63351365237939,0.79479325
184,70.0,9.440697438826296,0.8305534688552929,0.8235294117647058,35.10660171779821,0.8515693
185,68.0,9.304852983362556,0.9121151607641016,0.918918918918919,33.31370849898476,0.726563
186,183.0,15.26443044094783,0.7926285871336426,0.9432989690721649,56.28427124746191,0.7914932
187,156.0,14.093451279891855,0.6667260744881758,0.8,57.00609665440987,0.7679675
188,60.0,8.740387444736633,0.7619187231926307,0.9230769230769231,28.86396103067893,0.70426
189,13.0,4.068428945128219,0.9350588483818555,0.8666666666666667,10.82842712474619,0.73206955
190,24.0,5.527906391541368,0.9849097240019141,0.8571428571428571,21.621320343559642,0.7926534
191,394.0,22.397686948112614,0.8493335383919273,0.8347457627118644,92.11269837220809,0.8056994
192,25.0,5.641895835477563,0.9861912843277706,0.8620689655172413,22.82842712474619,0.7176661
193,13.0,4.068428945128219,0.9962942897654247,0.7222222222222222,11.0,0.7187369
194,36.0,6.770275002573076,0.9675002656486894,0.8780487804878049,26.035533905932738,0.714887
195,37.0,6.863662517577698,0.9780236769100409,0.8604651162790697,29.071067811865476,0.7383971
196,91.0,10.764051215546116,0.9496069438956729,0.9479166666666666,42.24264068711929,0.84785014
197,438.0,23.615226456547084,0.689715239517571,0.8605108055009824,94.83452377915607,0.7226972
198,177.0,15.012108426804138,0.13933676290258337,0.8271028037383178,57.79898987322332,0.76656777
199,335.0,20.65272978291924,0.8760384223120259,0.8052884615384616,88.2842712474619,0.7638541
200,53.0,8.214724333230155,0.6518421696503569,0.9464285714285714,25.65685424949238,0.7471034
201,2376.0,55.00197413085049,0.5434130024273071,0.9252336448598131,215.095454429505,0.8230183
202,22.0,5.292567428401227,0.9818597686660243,0.8461538461538461,19.621320343559642,0.6755434
203,32.0,6.383076486422923,0.756636469807894,0.9696969696969697,19.414213562373096,0.7829584
204,387.0,22.197831060995757,0.6699683726120578,0.9063231850117096,82.8700576850888,0.7515095
205,13.0,4.068428945128219,0.9962942897654247,0.7222222222222222,11.0,0.6678749
206,13.0,4.068428945128219,0.9350588483818555,0.8666666666666667,10.82842712474619,0.82996124
207,86.0,10.464157913908982,0.7579492861557169,0.86,35.9350288425444,0.7768932
208,224.0,16.88803298257901,0.8304602219781628,0.9491525423728814,59.65685424949238,0.78085476
209,16.0,4.51351666838205,0.9596288331806001,0.8421052631578947,13.621320343559642,0.6826377
210,21.0,5.170882945826411,0.978628681005368,0.84,18.414213562373096,0.7324668
211,50.0,7.978845608028654,0.9832906494840783,0.8771929824561403,36.48528137423857,0.7545678
212,39.0,7.046725639945928,0.9790404379108384,0.9512195121951219,28.82842712474619,0.83391935
213,23.0,5.4115163798060095,0.9147344487099655,0.8518518518518519,17.035533905932738,0.83261716
214,74.0,9.706684619910241,0.6687139152109693,0.9367088607594937,33.10660171779821,0.83429664
215,35.0,6.6755811781245455,0.9933700480557844,0.8333333333333334,32.82842712474619,0.75076824
216,279.0,18.847647942942654,0.8142706799092402,0.8480243161094225,75.04163056034261,0.77547956
217,263.0,18.29923496393627,0.43593845474854453,0.8402555910543131,71.34924240491749,0.76270324
218,1234.0,39.63808267566925,0.8355011722067595,0.8411724608043627,162.42640687119285,0.8161563
219,303.0,19.64157789116634,0.7261041769975911,0.9181818181818182,71.97665940288701,0.7671367
220,135.0,13.110581167104948,0.9977701089859567,0.8653846153846154,93.07106781186548,0.888443
221,194.0,15.716503163191918,0.6447943902699557,0.9107981220657277,57.83452377915607,0.7727812
222,93.0,10.881694613449236,0.8246220227543949,0.9117647058823529,39.10660171779821,0.8237763
223,266.0,18.403307281560924,0.9934412682974748,0.9602888086642599,103.65685424949237,0.8342781
224,16.0,4.51351666838205,0.9640678509695636,0.8421052631578947,13.621320343559642,0.8165033
225,427.0,23.31680264534386,0.6876199549495853,0.9027484143763214,88.6274169979695,0.75350964
226,88.0,10.585134856802455,0.7853093656752779,0.946236559139785,34.72792206135786,0.76878667
227,349.0,21.079862454783044,0.854280804064502,0.7895927601809954,110.18376618407356,0.787502
228,39.0,7.046725639945928,0.9759000729485332,1.0,28.0,0.7954506
229,1697.0,46.48319596817296,0.5617490538520611,0.8940990516332982,177.39696961967002,0.82352763
230,187.0,15.430353037616328,0.6837172466840234,0.9303482587064676,57.00609665440988,0.7928159
231,19.0,4.918490759365935,0.9773297689515751,0.8260869565217391,15.414213562373096,0.85260963
232,211.0,16.39065416446578,0.8579113937371071,0.9055793991416309,60.2842712474619,0.71600646
233,79.0,10.02925341359355,0.8125225890295419,0.8777777777777778,36.48528137423857,0.733646
234,77.0,9.901487006738307,0.7014353971803298,0.9166666666666666,32.48528137423857,0.77932674
235,41.0,7.225151993843567,0.9796057008779331,1.0,29.656854249492383,0.8698335
236,141.0,13.398760233979036,0.8576929721925528,0.8867924528301887,49.14213562373095,0.74843735
237,344.0,20.928315827817965,0.9513547703829021,0.8865979381443299,88.62741699796952,0.86325437
238,298.0,19.47884453275087,0.8165152995268083,0.7506297229219143,91.62741699796952,0.78869516
239,15.0,4.370193722368317,0.955076820277326,0.8823529411764706,12.414213562373096,0.7167065
240,69.0,9.373021315815206,0.922966076458334,0.8734177215189873,36.071067811865476,0.83205324
241,18.0,4.787307364817192,0.9721664904295584,0.8571428571428571,15.621320343559642,0.85095197
242,68.0,9.304852983362556,0.7915601935054717,0.9714285714285714,29.899494936611667,0.77283067
243,156.0,14.093451279891855,0.8247099845649252,0.8666666666666667,51.62741699796952,0.81208694
244,85.0,10.403141895720198,0.8244501708579222,0.85,40.52081528017131,0.7696264
245,9.0,3.385137501286538,0.9912266368853596,0.75,7.0,0.79841304
246,16.0,4.51351666838205,0.9640678509695636,0.8421052631578947,13.621320343559642,0.83785427
247,70.0,9.440697438826296,0.9550803817965324,0.958904109589041,35.65685424949238,0.7436005
248,87.0,10.524820207108489,0.7461221959187168,0.8613861386138614,38.520815280171306,0.8505606
249,15.0,4.370193722368317,0.816496580927726,1.0,12.0,0.79660106
250,122.0,12.463355264843006,0.8191537126134937,0.9104477611940298,43.55634918610404,0.75718814
251,353.0,21.200319792199185,0.7672955541253884,0.8737623762376238,80.62741699796952,0.8009536
252,359.0,21.37973331358283,0.883205531995186,0.8734793187347932,82.2842712474619,0.75683594
253,217.0,16.622063085174787,0.7671951702474591,0.9194915254237288,61.21320343559642,0.8436335
254,25.0,5.641895835477563,0.9456892062212802,0.8928571428571429,20.071067811865476,0.77257013
255,1266.0,40.14873925336531,0.7679372448827271,0.922740524781341,154.8700576850888,0.8615156
256,609.0,27.846056861676377,0.9004221650925595,0.8662873399715505,111.53910524340094,0.8312304
257,16.0,4.51351666838205,0.9596288331806001,0.8421052631578947,13.621320343559642,0.6787993
258,57.0,8.51907589177983,0.9884904105688008,0.8769230769230769,41.071067811865476,0.8314222
259,46.0,7.653039857325812,0.6967201693736235,0.9019607843137255,24.86396103067893,0.8252334
260,167.0,14.581872443920643,0.9566556252222493,0.8308457711442786,63.76345596729058,0.75258434
261,184.0,15.306079714651624,0.9599304696012949,0.7479674796747967,72.04163056034261,0.78139
262,600.0,27.63953195770684,0.7647598564113174,0.8733624454148472,108.01828996322963,0.7883363
263,22.0,5.292567428401227,0.931438405867913,0.9166666666666666,16.44974746830583,0.7712074
264,513.0,25.557227675339483,0.7701198123015888,0.911190053285968,94.52691193458118,0.78850746
265,39.0,7.046725639945928,0.5840292917139117,0.9069767441860465,22.82842712474619,0.7836095
266,12.0,3.9088200952233594,0.9377199210408496,0.8571428571428571,9.621320343559642,0.79982924
267,68.0,9.304852983362556,0.8248526577512906,0.918918918918919,31.071067811865476,0.7609118
268,394.0,22.397686948112614,0.6252893614759837,0.9184149184149184,82.04163056034261,0.7536319
269,326.0,20.37341629633241,0.7093088086000702,0.8624338624338624,75.8700576850888,0.7380719
270,216.0,16.583719174624104,0.8760925083988931,0.927038626609442,63.21320343559643,0.83525056
271,275.0,18.712051592547777,0.9332395985899405,0.8842443729903537,74.97056274847714,0.7634924
272,190.0,15.553633450087505,0.5921291564324367,0.8636363636363636,56.83452377915606,0.81011564
273,155.0,14.048207338801282,0.9688530468634052,0.8072916666666666,64.72792206135786,0.7725984
274,345.0,20.958712816717327,0.8233527972105678,0.8734177215189873,82.70458146424487,0.75314784
275,83.0,10.280023453913834,0.982182587688906,0.9021739130434783,46.48528137423857,0.81012136
276,24.0,5.527906391541368,0.44166420947138885,0.9230769230769231,15.899494936611665,0.82498926
277,67.0,9.23618154310838,0.8315433315011054,0.9571428571428572,30.14213562373095,0.73004293
278,113.0,11.994835078277376,0.5717980735571209,0.8828125,43.55634918610404,0.74718356
279,35.0,6.6755811781245455,0.9098427257282462,0.9210526315789473,22.48528137423857,0.67792416
280,214.0,16.50676414605009,0.5135398840423081,0.895397489539749,59.798989873223334,0.7797239
281,94.0,10.940041919714261,0.5838933044500518,0.8703703703703703,39.3492424049175,0.6921636
282,27.0,5.863230142835039,0.7471945597948663,0.84375,18.071067811865476,0.6563116
283,97.0,11.11324596323283,0.8975940623457603,0.9065420560747663,41.21320343559643,0.7996246
284,536.0,26.123866405607867,0.4666641854645471,0.9321739130434783,90.45584412271572,0.8033302
285,130.0,12.865501965161373,0.9895178220253146,0.896551724137931,68.86396103067892,0.8237273
286,74.0,9.706684619910241,0.8064795341117881,0.9487179487179487,31.142135623730947,0.7449297
287,174.0,14.884343478431232,0.7715305844504586,0.9720670391061452,51.79898987322333,0.76351374
288,164.0,14.450303987687134,0.6340769575521358,0.8961748633879781,51.00609665440987,0.7735078
289,39.0,7.046725639945928,0.9764711987880558,0.8666666666666667,27.242640687119284,0.72895145
290,13.0,4.068428945128219,0.9375978123483881,0.8666666666666667,10.414213562373096,0.76216567
291,99.0,11.227230955528665,0.811355594130738,0.8761061946902655,42.17766952966369,0.8733436
292,923.0,34.28119163317628,0.6186210538145295,0.8875,136.0538238691624,0.79349554
293,13.0,4.068428945128219,0.6506420303241719,0.9285714285714286,11.207106781186548,0.6820805
294,671.0,29.229158977248975,0.8121670133277905,0.9154160982264665,107.21320343559643,0.8091126
295,100.0,11.283791670955125,0.9959175733713769,0.8695652173913043,69.65685424949238,0.77302533
296,364.0,21.528102431092233,0.9602602423944216,0.9405684754521964,90.14213562373095,0.81757545
297,2799.0,59.69755008133684,0.6501075717442099,0.944331983805668,224.76955262170048,0.90666205
298,589.0,27.384997568906428,0.41974577192791024,0.8700147710487445,101.49747468305833,0.79926026
299,66.0,9.166995688475081,0.7707545364504047,0.9295774647887324,29.899494936611667,0.8622894
300,78.0,9.965574970333758,0.9659584262837295,0.9512195121951219,39.65685424949238,0.8185149
301,262.0,18.26441241104166,0.9234534889776242,0.9290780141843972,70.62741699796952,0.82022923
302,244.0,17.625846048215095,0.6306911278339044,0.9384615384615385,60.14213562373095,0.79655516
303,629.0,28.299605538565682,0.6513037464518858,0.7813664596273292,122.94722215136417,0.81401956
304,32.0,6.383076486422923,0.991754202666308,0.8421052631578947,29.621320343559642,0.72878134
305,57.0,8.51907589177983,0.9338493024445852,0.890625,31.520815280171306,0.80041724
306,31.0,6.282549314314218,0.966513025698799,0.8611111111111112,23.86396103067893,0.82907915
307,242.0,17.55346033766304,0.6353998843638614,0.88,64.66295090390226,0.8008616
308,201.0,15.99753570059363,0.5181752411463431,0.9348837209302325,54.384776310850235,0.7842161
309,18.0,4.787307364817192,0.6625654585447002,0.9,13.65685424949238,0.6845205
310,48.0,7.817640190446719,0.9852815665963988,0.9795918367346939,35.242640687119284,0.7769904
311,189.0,15.512648837479231,0.9036629014416853,0.9264705882352942,58.72792206135786,0.7845464
312,1185.0,38.8431314457417,0.8417994871155591,0.8072207084468664,164.84062043356593,0.75178623
313,98.0,11.170383851240114,0.9505683652892435,0.9333333333333333,44.485281374238575,0.75615126
314,174.0,14.884343478431232,0.9957902933274645,0.8969072164948454,91.07106781186548,0.80985016
315,51.0,8.058239062071396,0.7926945965995386,0.8095238095238095,26.899494936611664,0.6749529
316,262.0,18.26441241104166,0.8465260246866265,0.9003436426116839,71.62741699796952,0.78618884
317,725.0,30.38253889873249,0.7898153795945285,0.8155230596175478,128.18986283848346,0.79458714
318,591.0,27.431452220735256,0.8182170372042298,0.9380952380952381,105.15432893255071,0.82800055
319,492.0,25.028660691489268,0.9671670132851915,0.8692579505300353,116.17766952966369,0.82464117
320,370.0,21.70480664627101,0.8213936807905118,0.8277404921700223,87.38477631085024,0.8042876
321,163.0,14.406180819073164,0.7639171507154662,0.7990196078431373,54.3492424049175,0.8410479
322,58.0,8.593479713983122,0.7476017934742544,0.8787878787878788,28.27817459305202,0.73705065
323,42.0,7.312732791431452,0.7997559051464147,0.8076923076923077,25.899494936611664,0.68398005
324,36.0,6.770275002573076,0.9729790682048683,0.8571428571428571,25.242640687119284,0.87131286
325,232.0,17.186959427966244,0.9883962737455421,0.9914529914529915,85.8284271247462,0.95747095
326,233.0,17.22396045987371,0.7792563848399283,0.8726591760299626,70.49137802864844,0.8309559
327,59.0,8.667244841319219,0.6734869605465329,0.855072463768116,30.727922061357855,0.6786046
328,121.0,12.412170838050638,0.9972023284654021,0.8642857142857143,84.48528137423857,0.8217358
329,239.0,17.44431859350499,0.9246630665661721,0.7177177177177178,80.14213562373095,0.8122563
330,66.0,9.166995688475081,0.9906849110621238,0.88,47.07106781186547,0.800698
331,106.0,11.617374563210365,0.996308885677768,0.8688524590163934,74.48528137423857,0.7755917
332,574.0,27.034043328329254,0.92864928847237,0.8644578313253012,119.14823227814081,0.78539085
333,67.0,9.23618154310838,0.9912285495648208,0.881578947368421,48.485281374238575,0.7495991
334,63.0,8.95623198216277,0.9904115952217176,0.875,45.071067811865476,0.81182903
335,15.0,4.370193722368317,0.7343887778710586,1.0,11.65685424949238,0.6680983
336,255.0,18.01877032173579,0.6973416922491538,0.9272727272727272,65.4558441227157,0.7367739
337,234.0,17.26088217525478,0.8659901423377557,0.9034749034749034,65.97056274847714,0.8374857
338,643.0,28.61281229213077,0.9459401411939651,0.7573616018845701,131.76955262170048,0.8079469
339,636.0,28.456639830653998,0.9163964034979355,0.9845201238390093,108.48528137423858,0.95078963
340,754.0,30.984231743425763,0.796844497242979,0.8849765258215962,118.22539674441617,0.8056639
341,1166.0,38.530472475187736,0.7732061990057003,0.8114126652748782,157.67514421272202,0.8351808
342,31.0,6.282549314314218,0.9908098754411044,0.8157894736842105,28.414213562373096,0.7611787
343,103.0,11.451797811161432,0.9962388916128104,0.8728813559322034,72.48528137423857,0.82830566
344,107.0,11.67204486311899,0.9963980731147882,0.856,73.86396103067892,0.8304477
345,211.0,16.39065416446578,0.4846569212064728,0.8978723404255319,58.17766952966369,0.7776975
346,69.0,9.373021315815206,0.9983476249366926,0.8214285714285714,66.82842712474618,0.8518491
347,59.0,8.667244841319219,0.9911289899646283,0.6704545454545454,46.86396103067893,0.8538425
348,517.0,25.65667251667837,0.2021191123052188,0.8867924528301887,98.62741699796952,0.80518806
349,69.0,9.373021315815206,0.998314174136576,0.8117647058823529,66.82842712474618,0.8297841
350,97.0,11.11324596323283,0.9861475830993484,0.8899082568807339,53.44974746830583,0.8445904
351,36.0,6.770275002573076,0.9933780475652366,0.8372093023255814,33.62132034355964,0.84879947
352,34.0,6.579524642479541,0.9927182329864894,0.8292682926829268,31.621320343559642,0.88329846
353,35.0,6.6755811781245455,0.9933700480557844,0.8333333333333334,32.82842712474619,0.8873971
354,52.0,8.136857890256438,0.9851874532721765,0.8524590163934426,35.03553390593274,0.84505534
355,16.0,4.51351666838205,0.8514055971008102,0.9411764705882353,12.207106781186548,0.9158461
356,218.0,16.66031874701878,0.9548705306699774,0.7676056338028169,80.76345596729058,0.8509894
357,854.0,32.97493853222215,0.6292249981002306,0.9017951425554382,130.1837661840736,0.8210169
358,892.0,33.70058862844632,0.6144363891898644,0.8643410852713178,140.5269119345812,0.81696683
359,121.0,12.412170838050638,0.9537576179195584,0.8344827586206897,52.72792206135786,0.839976
360,931.0,34.42943531556155,0.9670322659469229,0.8166666666666667,166.01219330881977,0.80437666
361,229.0,17.075475271404667,0.9501490673054926,0.9581589958158996,67.65685424949237,0.78852105
362,325.0,20.342144725641095,0.4629758643922303,0.9002770083102493,76.97056274847714,0.7290354
363,176.0,14.96964127403822,0.657098005047513,0.9723756906077348,49.071067811865476,0.76679415
364,115.0,12.100518486599809,0.6477313029575726,0.9663865546218487,39.071067811865476,0.8280646
365,640.0,28.54598585844434,0.9448339467645622,0.95952023988006,119.55634918610406,0.8534101
366,42.0,7.312732791431452,0.8634788775303444,0.9545454545454546,25.07106781186548,0.72127855
367,941.0,34.61384710770804,0.9367974349925439,0.9761410788381742,147.79898987322335,0.92874837
